aso_service,brand,capacity,category,color,currency,doors,drive,first_owner,fuel,generation,horse_power,mileage,model,not_crashed,origin,price,seats,source,transmission,type,url,used,year
,Opel,1.6,Osobowe,Czarny,PLN,5,Na przednie koła,,Benzyna,J (2009-2015),115,144000,Astra,Tak,,26900,5,Osoby prywatnej,Manualna,Kompakt,https://www.otomoto.pl/oferta/opel-astra-1-6-benzyna-czujniki-parkowania-bezwypadkowy-oplacony-tempomat-ID6DKxYS.html#4273bd9759,Używane,2009
Tak,Opel,2.0,Osobowe,Czarny,PLN,5,Na przednie koła,,Diesel,J (2009-2015),160,190000,Astra,Tak,Niemcy,19999,5,Osoby prywatnej,Manualna,Kombi,https://www.otomoto.pl/oferta/opel-astra-2-0cdti-160km-serwis-sprowadzony-100-oryginal-polecam-ID6DLA7o.html#4273bd9759,Używane,2010
,Opel,1.2,Osobowe,Zielony,PLN,5,Na przednie koła,,Diesel,J (2009-2015),95,189000,Astra,,,19999,5,Osoby prywatnej,Manualna,Kompakt,https://www.otomoto.pl/oferta/opel-astra-opel-astra-2012-1-3-diesel-189-tys-bogata-wersja-polecam-ID6DGdbQ.html#4273bd9759,Używane,2012
,Opel,1.7,Osobowe,Złoty,PLN,3,Na przednie koła,,Diesel,H (2004-2014),100,180000,Astra,,,10700,5,Osoby prywatnej,Manualna,Kompakt,https://www.otomoto.pl/oferta/opel-astra-bardzo-ladny-i-zadbany-gtc-navi-full-opcja-ID6DKxX1.html#4273bd9759,Używane,2006
,Opel,1.6,Osobowe,Czerwony,PLN,5,Na przednie koła,,Benzyna,G (1998-2009),84,97000,Astra,,Niemcy,6900,5,Osoby prywatnej,Manualna,Kompakt,https://www.otomoto.pl/oferta/opel-astra-1-6-8-zaworowy-niezawodny-silnik-klima-ID6DKxUl.html#4273bd9759,Używane,2001
Tak,Opel,1.6,Osobowe,Biały,PLN,5,Na przednie koła,,Diesel,K (2015-),136,105296,Astra,Tak,Dania,49900,5,Osoby prywatnej,Automatyczna,Kompakt,https://www.otomoto.pl/oferta/opel-astra-opel-astra-jedyny-taki-sport-136km-automat-aso-gwarancja-do-2026-ID6DJADh.html#4273bd9759,Używane,2016
Tak,Opel,1.7,Osobowe,Szary,PLN,5,Na przednie koła,,Diesel,J (2009-2015),110,200000,Astra,Tak,Belgia,23900,5,Osoby prywatnej,Manualna,Kompakt,https://www.otomoto.pl/oferta/opel-astra-pelne-wyposazenie-2x-kola-ID6DDNAK.html#4273bd9759,Używane,2014
Tak,Opel,1.6,Osobowe,Srebrny,PLN,5,Na przednie koła,Tak,Diesel,K (2015-),110,100000,Astra,Tak,Polska,42900,5,Firmy,Manualna,Kombi,https://www.otomoto.pl/oferta/opel-astra-sports-tourer-enjoy-polski-salon-pelen-serwis-faktura-vat-ID6DGaBs.html#4273bd9759,Używane,2017
Tak,Opel,1.6,Osobowe,Srebrny,PLN,5,Na przednie koła,,Diesel,K (2015-),110,72862,Astra,,Polska,45500,5,Firmy,Manualna,Kombi,https://www.otomoto.pl/oferta/opel-astra-1-6-cdti-salon-polska-serwis-aso-klima-tempomat-ID6DKxPj.html#4273bd9759,Używane,2017
Tak,Opel,1.7,Osobowe,Srebrny,PLN,5,Na przednie koła,Tak,Diesel,,120,198000,Astra,Tak,,10900,5,Osoby prywatnej,Manualna,Kombi,https://www.otomoto.pl/oferta/opel-astra-2008r-lift-1-7-cdti-120km-zadbana-ID6DLvU9.html#4273bd9759,Używane,2008
,Opel,1.4,Osobowe,Biały,PLN,5,Na przednie koła,,Benzyna,J (2009-2015),140,168000,Astra,Tak,,25900,5,Osoby prywatnej,Manualna,Kompakt,https://www.otomoto.pl/oferta/opel-astra-opel-astra-ogloszenie-prywatne-ID6DEksZ.html#4273bd9759,Używane,2011
Tak,Opel,1.6,Osobowe,Czarny,PLN,5,Na przednie koła,Tak,Benzyna,J (2009-2015),180,98000,Astra,,Niemcy,34900,5,Firmy,Manualna,Kompakt,https://www.otomoto.pl/oferta/opel-astra-1-6-turbo-b1wl-z-niemiec98tkm-full-bogataoryginaljak-z-fabryki-ID6DKShS.html#4273bd9759,Używane,2011
Tak,Opel,1.4,Osobowe,Czarny,PLN,5,Na przednie koła,,Benzyna,J (2009-2015),101,189525,Astra,,,23000,5,Firmy,Manualna,Kompakt,https://www.otomoto.pl/oferta/opel-astra-1-4-16v-serwis-aso-klimatronic-tempomat-parktronic-alu-ID6DKxP2.html#4273bd9759,Używane,2012
,Opel,1.9,Osobowe,Czarny,PLN,5,Na przednie koła,,Diesel,H (2004-2014),101,266000,Astra,,,11500,5,Osoby prywatnej,Manualna,Kombi,https://www.otomoto.pl/oferta/opel-astra-opel-astra-1-9cdti-2007r-stan-bardzo-dobry-ID6DKxoh.html#4273bd9759,Używane,2007
Tak,Opel,1.7,Osobowe,Niebieski,PLN,5,Na przednie koła,Tak,Diesel,J (2009-2015),110,189000,Astra,,,25400,5,Firmy,Manualna,Kombi,https://www.otomoto.pl/oferta/opel-astra-1-7-cdti-sports-tourer-led-nawigacja-ID6DLvg0.html#4273bd9759,Używane,2014
Tak,Opel,1.6,Osobowe,Brązowy,PLN,5,Na przednie koła,Tak,Benzyna,J (2009-2015),115,168000,Astra,Tak,,29600,5,Osoby prywatnej,Manualna,Auta miejskie,https://www.otomoto.pl/oferta/opel-astra-idealny-stan-pelen-servis-oplacona-ID6DLvzu.html#4273bd9759,Używane,2013
Tak,Opel,1.4,Osobowe,Złoty,PLN,5,Na przednie koła,,Benzyna,J (2009-2015),120,117933,Astra,Tak,Niemcy,31700,5,Firmy,Manualna,Kombi,https://www.otomoto.pl/oferta/opel-astra-sports-tourer-lift-1-4-turbo-auto-bezwypadkowe-navi-alusy-2kpl-kol-ID6DASQy.html#62ae6e5d25,Używane,2012
Tak,Opel,1.9,Osobowe,Czarny,PLN,5,Na przednie koła,,Diesel,H (2004-2014),120,202063,Astra,Tak,,11999,5,Osoby prywatnej,Manualna,Kombi,https://www.otomoto.pl/oferta/opel-astra-opel-astra-h-1-9-cdti-120kmc-tempomat-navi-ID6DGmWX.html#4273bd9759,Używane,2009
Tak,Opel,2.0,Osobowe,Czarny,PLN,5,Na przednie koła,,Diesel,J (2009-2015),165,186454,Astra,Tak,Niemcy,22900,5,Osoby prywatnej,Manualna,Kombi,https://www.otomoto.pl/oferta/opel-astra-sport-cosmo-2-0-165koni2012r-navipdchold-ID6DKxdq.html#4273bd9759,Używane,2012
,Opel,1.6,Osobowe,Szary,PLN,5,,,Benzyna,J (2009-2015),115,87000,Astra,,,31900,,Osoby prywatnej,Automatyczna,Kompakt,https://www.otomoto.pl/oferta/opel-astra-ksenon-navi-chrom-87-tys-km-jak-nowa-z-niemiec-ID6DLum4.html#4273bd9759,Używane,2011
,Opel,2.0,Osobowe,Czarny,PLN,5,Na przednie koła,,Diesel,J (2009-2015),160,246000,Astra,,,20999,5,Firmy,Manualna,Kombi,https://www.otomoto.pl/oferta/opel-astra-2-0cdti-navichrom-skora-alu-17-ID6DJP4b.html#4273bd9759,Używane,2011
Tak,Opel,1.2,Osobowe,Biały,PLN,5,Na przednie koła,,Benzyna,K (2015-),110,9700,Astra,Tak,Polska,62900,5,Osoby prywatnej,Manualna,Kompakt,https://www.otomoto.pl/oferta/opel-astra-opel-astra-v-gwarancja-fabryczna-do-2024-roku-ID6DBW7p.html#4273bd9759,Używane,2019
Tak,Opel,1.7,Osobowe,Biały,PLN,5,,,Diesel,J (2009-2015),110,215000,Astra,Tak,,24400,5,Osoby prywatnej,Manualna,Kombi,https://www.otomoto.pl/oferta/opel-astra-kombi-lift-1-7-cdti-nawigacja-parktronic-bardzo-zadbany-ID6DKxcA.html#4273bd9759,Używane,2014
Tak,Opel,1.6,Osobowe,Niebieski,PLN,5,Na przednie koła,Tak,Diesel,K (2015-),110,90000,Astra,Tak,Polska,50900,5,Firmy,Manualna,Kombi,https://www.otomoto.pl/oferta/opel-astra-gwarancja-producenta-110-koni-lakier-oryginal-1-wl-salon-pl-fv-23-ID6DCbUC.html#4273bd9759,Używane,2019
,Opel,2.0,Osobowe,Szary,PLN,5,Na przednie koła,,Diesel,J (2009-2015),160,180647,Astra,,,25600,5,Osoby prywatnej,Manualna,Kombi,https://www.otomoto.pl/oferta/opel-astra-opel-astra-sport-tourer-2-0-cdti-160km-salon-pl-biksenon-tempomat-ID6DLwzv.html#4273bd9759,Używane,2011
,Opel,1.7,Osobowe,Niebieski,PLN,5,Na przednie koła,,Diesel,J (2009-2015),110,250800,Astra,,,17900,5,Osoby prywatnej,Manualna,Auta miejskie,https://www.otomoto.pl/oferta/opel-astra-polski-salon-nawigacja-zadbany-bezwypadkowy-czujniki-parkowania-ID6DKx95.html#4273bd9759,Używane,2010
Tak,Opel,1.6,Osobowe,Srebrny,PLN,5,Na przednie koła,Tak,Diesel,K (2015-),136,176000,Astra,Tak,Polska,39500,5,Osoby prywatnej,Manualna,Kombi,https://www.otomoto.pl/oferta/opel-astra-1-6cdti-salon-polska-ID6DLuUb.html#4273bd9759,Używane,2018
,Opel,1.6,Osobowe,Czarny,PLN,5,Na przednie koła,,Diesel,K (2015-),110,66000,Astra,,Polska,51300,5,Osoby prywatnej,Manualna,Kombi,https://www.otomoto.pl/oferta/opel-astra-opel-astra-v-1-6-diesel-kombi-ID6DKx49.html#4273bd9759,Używane,2018
,Opel,1.6,Osobowe,Srebrny,PLN,5,Na przednie koła,,Benzyna,G (1998-2009),105,234000,Astra,Tak,,8999,5,Osoby prywatnej,Manualna,Kompakt,https://www.otomoto.pl/oferta/opel-astra-astra-g-import-niemcy-1-6-benz-ID6DLwcR.html#4273bd9759,Używane,2004
Tak,Opel,1.4,Osobowe,Niebieski,PLN,5,Na przednie koła,,Benzyna,J (2009-2015),120,78833,Astra,Tak,Niemcy,34600,5,Osoby prywatnej,Manualna,Kompakt,https://www.otomoto.pl/oferta/opel-astra-jedyny-taki-1-4-turbo-benzyna-120-km-oszczedny-a-jak-potrzeba-szybki-ID6DLo7X.html#4273bd9759,Używane,2012
Tak,Opel,1.6,Osobowe,Niebieski,PLN,5,Na przednie koła,Tak,Diesel,K (2015-),136,168000,Astra,,Niemcy,41800,5,Firmy,Manualna,Kompakt,https://www.otomoto.pl/oferta/opel-astra-ledy-radar-navi-alu-el-fotel-lakier-perla-bezwypadkowy-ID6DHVbB.html#0b79d938e2,Używane,2016
,Opel,1.0,Osobowe,Inny kolor,PLN,5,Na przednie koła,,Benzyna,K (2015-),90,25800,Astra,,,32900,5,Osoby prywatnej,Manualna,Kompakt,https://www.otomoto.pl/oferta/opel-astra-astra-2018-navitempomatelektrykafull-maly-przebieg-ID6DK7LJ.html#62ae6e5d25,Używane,2018
Tak,Opel,1.4,Osobowe,Brązowy,PLN,5,Na przednie koła,,Benzyna,K (2015-),150,28970,Astra,,,57700,5,Firmy,Manualna,Kombi,https://www.otomoto.pl/oferta/opel-astra-cosmo-1-4-turbo-150-km-fv-23-full-led-bardzo-bogate-wyposazenie-ID6DASyg.html#62ae6e5d25,Używane,2017
Tak,Opel,1.6,Osobowe,Czarny,PLN,5,Na przednie koła,Tak,Diesel,K (2015-),110,80000,Astra,Tak,Polska,49900,5,Firmy,Manualna,Kombi,https://www.otomoto.pl/oferta/opel-astra-gwarancja-producenta-110-koni-1-wl-salon-pl-fv-23-ID6DB2dW.html#62ae6e5d25,Używane,2019
Tak,Opel,1.4,Osobowe,Czarny,PLN,5,Na przednie koła,,Benzyna,J (2009-2015),100,169000,Astra,Tak,Francja,22900,5,Firmy,Manualna,Kompakt,https://www.otomoto.pl/oferta/opel-astra-1-4-benzyna-2011-rok-super-stan-serwis-po-oplatach-gwarancja-ID6DLeD4.html#62ae6e5d25,Używane,2011
Tak,Opel,1.4,Osobowe,Zielony,PLN,5,Na przednie koła,,Benzyna,K (2015-),125,46406,Astra,Tak,,46900,5,Firmy,Manualna,Kompakt,https://www.otomoto.pl/oferta/opel-astra-darmowa-dostawa-klima-auto-bluetooth-tempomat-serwis-aso-ID6DHFSd.html#62ae6e5d25,Używane,2016
Tak,Opel,1.6,Osobowe,Niebieski,PLN,5,Na przednie koła,Tak,Diesel,K (2015-),110,136000,Astra,Tak,Polska,37900,5,Firmy,Manualna,Kombi,https://www.otomoto.pl/oferta/opel-astra-salon-pl-1-6cdti-110km-fv23-1wl-tempomat-led-aso-gwarancja-ID6DGcmb.html#62ae6e5d25,Używane,2017
Tak,Opel,1.6,Osobowe,Brązowy,PLN,4,Na przednie koła,,Benzyna,J (2009-2015),115,115353,Astra,Tak,,43900,5,Firmy,Manualna,Sedan,https://www.otomoto.pl/oferta/opel-astra-1-6-twinport-115km-fv23-polskora-alufelgi-multifunkcja-isofix-ID6DtYTu.html#4273bd9759,Używane,2016
,Opel,1.4,Osobowe,Bordowy,PLN,5,Na przednie koła,,Benzyna,F (1991-2002),60,85275,Astra,Tak,,4000,5,Osoby prywatnej,Manualna,Auta miejskie,https://www.otomoto.pl/oferta/opel-astra-sprzedam-opel-astra-1-4-1999-lub-zamienie-na-motocykl-125-na-chodzie-ID6DJCAo.html#62ae6e5d25,Używane,1999
Tak,Opel,1.4,Osobowe,Szary,PLN,5,Na przednie koła,Tak,Benzyna,K (2015-),150,14872,Astra,Tak,Polska,61900,5,Firmy,Manualna,Kompakt,https://www.otomoto.pl/oferta/opel-astra-1-4-150km-t-enjoy-biznes-metalik-alufelgi-2019-ID6DLdDv.html#62ae6e5d25,Używane,2019
,Opel,1.8,Osobowe,Złoty,PLN,3,Na przednie koła,,Benzyna,H (2004-2014),125,200000,Astra,,Niemcy,5700,5,Osoby prywatnej,Manualna,Coupe,https://www.otomoto.pl/oferta/opel-astra-gtc-1-8-benzyna-z-niemiec-xenon-climatronik-ID6DLuXE.html#4273bd9759,Używane,2005
,Opel,1.6,Osobowe,Szary,PLN,5,Na przednie koła,,Benzyna,J (2009-2015),115,73056,Astra,Tak,,35500,5,Firmy,Manualna,Sedan,https://www.otomoto.pl/oferta/opel-astra-darmowa-dostawa-115km-klima-tempomat-kierownica-wielofunkcyjna-ID6DLtBk.html#0b79d938e2,Używane,2013
Tak,Opel,1.4,Osobowe,Szary,PLN,5,Na przednie koła,,Benzyna,J (2009-2015),100,150254,Astra,Tak,Niemcy,25750,5,Osoby prywatnej,Manualna,Kompakt,https://www.otomoto.pl/oferta/opel-astra-1-4ialu-17serwis-opeloplacona3-mscgwarancjajak-nowy-ID6DJwck.html#0ed6342181,Używane,2011
,Opel,2.0,Osobowe,Czarny,PLN,5,,,Diesel,J (2009-2015),160,190000,Astra,,,27900,,Osoby prywatnej,Manualna,Kompakt,https://www.otomoto.pl/oferta/opel-astra-ksenon-chrom-jak-nowa-z-niemiec-ID6DLu7B.html#0b79d938e2,Używane,2011
,Opel,1.6,Osobowe,Biały,PLN,5,Na przednie koła,,Diesel,K (2015-),160,190000,Astra,,,42900,5,Osoby prywatnej,Manualna,Kombi,https://www.otomoto.pl/oferta/opel-astra-opel-astra-k-1-6-cdti-biturbo-160-km-ID6DKvIT.html#0b79d938e2,Używane,2016
Tak,Opel,1.6,Osobowe,Czarny,PLN,5,Na przednie koła,Tak,Diesel,K (2015-),110,127230,Astra,Tak,Niemcy,38999,5,Firmy,Manualna,Kombi,https://www.otomoto.pl/oferta/opel-astra-opel-astra-k-kombi-2016r-grzana-kierownica-itp-gwarancja-12msc-oplaty-ID6DLtCH.html#0b79d938e2,Używane,2016
,Opel,1.7,Osobowe,Szary,PLN,5,Na przednie koła,,Diesel,J (2009-2015),110,277777,Astra,,Niemcy,18500,5,Osoby prywatnej,Manualna,Kombi,https://www.otomoto.pl/oferta/opel-astra-zadbane-auto-nie-wymaga-wkladu-ID6DGx4P.html#0b79d938e2,Używane,2010
Tak,Opel,1.7,Osobowe,Biały,PLN,5,,,Diesel,J (2009-2015),110,158000,Astra,Tak,,25400,,Osoby prywatnej,Manualna,Kombi,https://www.otomoto.pl/oferta/opel-astra-serwisowany-bezwypadkowy-bogata-wersja-gps-ID6DBsOy.html#0b79d938e2,Używane,2013
,Opel,2.0,Osobowe,Niebieski,PLN,2,Na przednie koła,,Benzyna,G (1998-2009),192,316350,Astra,Tak,Polska,23700,4,Osoby prywatnej,Manualna,Coupe,https://www.otomoto.pl/oferta/opel-astra-astra-g-bertone-ampquotdecept-ampquot-280km-440nm-ID6DLt5f.html#0b79d938e2,Używane,2001
,Opel,1.4,Osobowe,Czarny,PLN,5,Na przednie koła,,Benzyna,J (2009-2015),140,91087,Astra,Tak,,27900,5,Firmy,Manualna,Kompakt,https://www.otomoto.pl/oferta/opel-astra-darmowa-dostawa-klima-kierownica-wielofunkcyjna-grzane-fotele-pdc-ID6DHUN9.html#0b79d938e2,Używane,2010
,Opel,1.4,Osobowe,Czarny,PLN,5,Na przednie koła,Tak,Benzyna+LPG,J (2009-2015),140,160237,Astra,,Polska,31002,5,Firmy,Manualna,Kompakt,https://www.otomoto.pl/oferta/opel-astra-1-4-t-salon-polska-1-wlasciciel-gaz-vat-23-klima-tempomat-ID6DJAZ3.html#0b79d938e2,Używane,2015
,Opel,1.7,Osobowe,Srebrny,PLN,5,Na przednie koła,Tak,Diesel,J (2009-2015),110,152544,Astra,,,24000,5,Firmy,Manualna,Kompakt,https://www.otomoto.pl/oferta/opel-astra-1-7-cdti-1-wlasciciel-navi-klimatronic-tempomat-parktronic-alu-ID6DKLry.html#0e0dcdce4b,Używane,2011
Tak,Opel,1.6,Osobowe,Czarny,PLN,5,Na przednie koła,Tak,Diesel,K (2015-),136,107295,Astra,Tak,Polska,44000,5,Firmy,Manualna,Kombi,https://www.otomoto.pl/oferta/opel-astra-1-6-cdti-enjoy-salon-polska-1-wlasciciel-serwis-aso-vat-23-ID6DJAZm.html#0b79d938e2,Używane,2017
Tak,Opel,1.4,Osobowe,Czarny,PLN,5,Na przednie koła,,Benzyna,K (2015-),150,30000,Astra,Tak,Polska,64500,5,Firmy,Manualna,Kombi,https://www.otomoto.pl/oferta/opel-astra-opel-astra-1-4t-150km-nawigacja-ogrzewane-siedzenia-tempomat-ID6DHQze.html#0b79d938e2,Używane,2019
,Opel,1.4,Osobowe,Czarny,PLN,3,Na przednie koła,,Benzyna,H (2004-2014),90,143854,Astra,,,17800,5,Firmy,Manualna,Kompakt,https://www.otomoto.pl/oferta/opel-astra-gtc-ID6DISwy.html#0b79d938e2,Używane,2009
Tak,Opel,1.4,Osobowe,Srebrny,PLN,5,Na przednie koła,Tak,Benzyna,K (2015-),150,10869,Astra,Tak,Polska,69000,5,Firmy,Manualna,Kompakt,https://www.otomoto.pl/oferta/opel-astra-1-4-150km-dynamic-4-cylindry-ekran-8-cali-od-dealera-ID6DLdvQ.html#62ae6e5d25,Używane,2018
Tak,Opel,1.6,Osobowe,Niebieski,PLN,5,Na przednie koła,Tak,Diesel,K (2015-),110,171000,Astra,Tak,Polska,37999,5,Firmy,Manualna,Kombi,https://www.otomoto.pl/oferta/opel-astra-wersja-kombi-polski-salon-pierwszy-wlasciciel-1-6-cdti-fv-vat-ID6DKh5K.html#62ae6e5d25,Używane,2017
Tak,Opel,1.6,Osobowe,Czarny,PLN,5,Na przednie koła,Tak,Diesel,K (2015-),110,88691,Astra,Tak,Polska,38990,5,Firmy,Manualna,Kompakt,https://www.otomoto.pl/oferta/opel-astra-1-6-cdti-salon-pl-aso-fv23-od-ria-ID6DAGqz.html#62ae6e5d25,Używane,2016
Tak,Opel,1.4,Osobowe,Bordowy,PLN,5,Na przednie koła,Tak,Benzyna,K (2015-),125,48336,Astra,,Polska,54000,5,Firmy,Manualna,Kompakt,https://www.otomoto.pl/oferta/opel-astra-1-4-t-salon-polska-1-wlasciciel-serwis-aso-vat-23-klimatronic-ID6DJx61.html#62ae6e5d25,Używane,2018
Tak,Opel,1.6,Osobowe,Czarny,PLN,4,Na przednie koła,,Benzyna,J (2009-2015),116,110843,Astra,Tak,Polska,35500,5,Firmy,Manualna,Sedan,https://www.otomoto.pl/oferta/opel-astra-1-6-16v-salon-polska-serwis-aso-skora-klima-tempomat-ID6DKfGX.html#62ae6e5d25,Używane,2016
,Opel,1.4,Osobowe,Czarny,PLN,5,Na przednie koła,,Benzyna,J (2009-2015),120,113569,Astra,Tak,,33900,5,Firmy,Manualna,Kompakt,https://www.otomoto.pl/oferta/opel-astra-darmowa-dostawa-klima-auto-grzane-fotele-i-kierownica-tempomat-pdc-ID6DKffb.html#62ae6e5d25,Używane,2013
Tak,Opel,1.6,Osobowe,Szary,PLN,5,Na przednie koła,,Diesel,K (2015-),110,119217,Astra,,Polska,42000,5,Firmy,Manualna,Kombi,https://www.otomoto.pl/oferta/opel-astra-1-6-cdti-salon-polska-serwis-aso-klimatronic-tempomat-parktronic-ID6DJx5Q.html#62ae6e5d25,Używane,2017
Tak,Opel,1.6,Osobowe,Szary,PLN,5,Na przednie koła,Tak,Benzyna,H (2004-2014),115,222000,Astra,Tak,Holandia,15500,5,Osoby prywatnej,Manualna,Kompakt,https://www.otomoto.pl/oferta/opel-astra-1-6-benzyna-116km-lift-wersjacosmo-polskory-alu-chrom-sliczna-ID6DLcxw.html#62ae6e5d25,Używane,2007
Tak,Opel,1.4,Osobowe,Brązowy,PLN,5,Na przednie koła,Tak,Benzyna,K (2015-),100,104900,Astra,Tak,Polska,40900,5,Osoby prywatnej,Manualna,Kompakt,https://www.otomoto.pl/oferta/opel-astra-benzyna-salon-pl-i-wlasciciel-piekny-kolor-maly-przebieg-ID6DCrNZ.html#62ae6e5d25,Używane,2016
Tak,Opel,1.4,Osobowe,Srebrny,PLN,5,Na przednie koła,Tak,Benzyna,K (2015-),125,84163,Astra,,Polska,49900,5,Firmy,Manualna,Kompakt,https://www.otomoto.pl/oferta/opel-astra-astra-v-1-4-t-gpf-enjoy-ID6DHCIz.html#62ae6e5d25,Używane,2019
,Opel,1.6,Osobowe,Czarny,PLN,5,Na przednie koła,,Benzyna,H (2004-2014),115,192200,Astra,Tak,Niemcy,14200,5,Osoby prywatnej,Manualna,Kombi,https://www.otomoto.pl/oferta/opel-astra-opel-astra-h-kombi-zadbany-i-serwisowany-ID6DLaug.html#62ae6e5d25,Używane,2008
,Opel,1.6,Osobowe,Biały,PLN,5,Na przednie koła,,Benzyna,J (2009-2015),180,201500,Astra,,,26000,5,Osoby prywatnej,Manualna,Kompakt,https://www.otomoto.pl/oferta/opel-astra-ID6DGR4m.html#62ae6e5d25,Używane,2009
Tak,Opel,1.6,Osobowe,Czarny,PLN,5,Na przednie koła,Tak,Diesel,K (2015-),110,69000,Astra,Tak,Polska,50900,5,Firmy,Manualna,Kombi,https://www.otomoto.pl/oferta/opel-astra-gwarancja-producenta-110-koni-1-wl-salon-pl-fv-23-we570wv-ID6DB2vO.html#0ed6342181,Używane,2019
,Opel,1.6,Osobowe,Niebieski,PLN,3,Na przednie koła,,Benzyna,H (2004-2014),105,232000,Astra,Tak,,9900,5,Firmy,Manualna,Kompakt,https://www.otomoto.pl/oferta/opel-astra-h-1-6-bezwypadkowa-ID6DHuHd.html#62ae6e5d25,Używane,2005
,Opel,1.8,Osobowe,Czarny,PLN,5,Na przednie koła,,Benzyna+LPG,H (2004-2014),140,181608,Astra,,,14500,5,Firmy,Manualna,Kombi,https://www.otomoto.pl/oferta/opel-astra-1-8-16v-gaz-klima-parktronic-podgrzewane-siedzienia-alu-ID6DJwuw.html#0ed6342181,Używane,2006
,Opel,1.6,Osobowe,Czarny,PLN,5,Na przednie koła,,Benzyna,J (2009-2015),115,59660,Astra,Tak,,28900,5,Firmy,Manualna,Kompakt,https://www.otomoto.pl/oferta/opel-astra-darmowa-dostawa-1-wlasciciel-hist-serwisowa-cosmo-klima-auto-ID6DL41p.html#0ed6342181,Używane,2010
,Opel,1.7,Osobowe,Czarny,PLN,5,Na przednie koła,,Diesel,J (2009-2015),110,196250,Astra,,,22500,5,Osoby prywatnej,Manualna,Kompakt,https://www.otomoto.pl/oferta/opel-astra-opel-astra-j-1-7-td-2010-ID6Dvxkg.html#0ed6342181,Używane,2010
Tak,Opel,1.4,Osobowe,Beżowy,PLN,5,Na przednie koła,Tak,Benzyna,K (2015-),150,83543,Astra,Tak,Niemcy,44999,5,Firmy,Manualna,Kompakt,https://www.otomoto.pl/oferta/opel-astra-led-grzana-kier-i-fotele-czujniki-aktyw-temp-xenon-bezwypadkowy-ID6DBRIs.html#0ed6342181,Używane,2016
,Opel,1.8,Osobowe,Niebieski,PLN,5,Na przednie koła,,Benzyna,H (2004-2014),140,163000,Astra,Tak,,17900,5,Osoby prywatnej,Manualna,Kombi,https://www.otomoto.pl/oferta/opel-astra-opel-astra-1-8-140km-jeden-wlasciciel-ID6DL2QW.html#0ed6342181,Używane,2010
,Opel,1.6,Osobowe,Czarny,PLN,5,Na przednie koła,,Benzyna,J (2009-2015),180,92086,Astra,Tak,,33900,5,Firmy,Manualna,Kompakt,https://www.otomoto.pl/oferta/opel-astra-darmowa-dostawa-180km-xenon-skora-klima-auto-hist-serwis-ID6DL2eU.html#0ed6342181,Używane,2010
Tak,Opel,1.6,Osobowe,Niebieski,PLN,4,Na przednie koła,,Benzyna,J (2009-2015),116,140098,Astra,Tak,Polska,30000,5,Firmy,Manualna,Sedan,https://www.otomoto.pl/oferta/opel-astra-1-6-16v-salon-polska-serwis-aso-klima-tempomat-parktronic-ID6DK7W5.html#0ed6342181,Używane,2015
Tak,Opel,1.6,Osobowe,Czarny,PLN,5,Na przednie koła,Tak,Diesel,K (2015-),110,183000,Astra,Tak,,39500,5,Osoby prywatnej,Manualna,Kombi,https://www.otomoto.pl/oferta/opel-astra-k-start-stop-klima-tron-alu-navi-el-reczny-chrom-oryg-lakier-i-przeb-ID6DGhDH.html#0ed6342181,Używane,2017
,Opel,1.6,Osobowe,Biały,PLN,5,Na przednie koła,Tak,Diesel,K (2015-),110,94688,Astra,Tak,,46500,5,Firmy,Manualna,Kombi,https://www.otomoto.pl/oferta/opel-astra-darmowa-dostawa-navi-klimatyzacja-pdc-i-wlasciciel-ID6DJsUN.html#0ed6342181,Używane,2017
Tak,Opel,1.4,Osobowe,Szary,PLN,5,Na przednie koła,Tak,Benzyna,J (2009-2015),100,155670,Astra,Tak,,21945,5,Osoby prywatnej,Manualna,Kombi,https://www.otomoto.pl/oferta/opel-astra-1-4-100-km-climatronik-alu-felgi-tiv-2021-full-serwis-ID6DL0Yq.html#0ed6342181,Używane,2011
,Opel,1.6,Osobowe,Biały,PLN,5,Na przednie koła,Tak,Diesel,K (2015-),110,186000,Astra,Tak,,37900,5,Osoby prywatnej,Manualna,Kombi,https://www.otomoto.pl/oferta/opel-astra-navi-klima-sport-czujniki-parkowania-wspomaganie-led-ID6DpS6V.html#0ed6342181,Używane,2016
,Opel,1.4,Osobowe,Czarny,PLN,5,Na przednie koła,,Benzyna,K (2015-),150,38951,Astra,Tak,,66500,5,Firmy,Automatyczna,Kompakt,https://www.otomoto.pl/oferta/opel-astra-darmowa-dostawa-automat-led-klima-auto-tempomat-grzane-fotele-ID6DL2bU.html#0ed6342181,Używane,2019
,Opel,1.4,Osobowe,Szary,PLN,5,Na przednie koła,,Benzyna,K (2015-),150,9951,Astra,,Polska,62900,5,Firmy,Manualna,Auta miejskie,https://www.otomoto.pl/oferta/opel-astra-1-4-150km-enjoy-biznes-plus-metalik-pojazd-dealera-ID6DKZbw.html#0ed6342181,Używane,2019
Tak,Opel,1.4,Osobowe,Srebrny,PLN,5,Na przednie koła,Tak,Benzyna,K (2015-),125,65471,Astra,Tak,Polska,54900,5,Firmy,Manualna,Kompakt,https://www.otomoto.pl/oferta/opel-astra-astra-v-1-4-t-gpf-enjoy-ID6DKY2k.html#0ed6342181,Używane,2018
Tak,Opel,1.6,Osobowe,Biały,PLN,5,Na przednie koła,Tak,Diesel,K (2015-),136,44566,Astra,Tak,Polska,52000,5,Firmy,Manualna,Kombi,https://www.otomoto.pl/oferta/opel-astra-1-6-cdti-enjoy-salon-polska-1-wlasciciel-serwis-aso-vat-23-ID6DJAYC.html#0b79d938e2,Używane,2017
,Opel,1.6,Osobowe,Srebrny,PLN,5,Na przednie koła,,Diesel,K (2015-),110,103388,Astra,,,35000,5,Firmy,Manualna,Kombi,https://www.otomoto.pl/oferta/opel-astra-1-6-cdti-klimatronic-tempomat-parktronic-ID6DJAXB.html#0b79d938e2,Używane,2016
Tak,Opel,1.4,Osobowe,Srebrny,PLN,4,Na przednie koła,Tak,Benzyna,J (2009-2015),140,108755,Astra,Tak,Polska,29002,5,Firmy,Manualna,Sedan,https://www.otomoto.pl/oferta/opel-astra-1-4-t-active-salon-polska-1-wlasciciel-serwis-aso-vat-23-ID6DJAXJ.html#0b79d938e2,Używane,2015
,Opel,1.4,Osobowe,Czarny,PLN,5,Na przednie koła,,Benzyna,K (2015-),150,97500,Astra,Tak,Polska,49000,5,Osoby prywatnej,Automatyczna,Kompakt,https://www.otomoto.pl/oferta/opel-astra-opel-astra-1-4t-ID6DLs4D.html#0b79d938e2,Używane,2017
Tak,Opel,1.6,Osobowe,Brązowy,PLN,5,Na przednie koła,,Diesel,K (2015-),160,66287,Astra,Tak,Polska,44000,5,Firmy,Manualna,Kompakt,https://www.otomoto.pl/oferta/opel-astra-1-6-bicdti-salon-polska-serwis-aso-navi-klimatronic-tempomat-ID6DJAYx.html#0b79d938e2,Używane,2016
,Opel,1.6,Osobowe,Inny kolor,PLN,4,Na przednie koła,,Benzyna,J (2009-2015),115,31000,Astra,Tak,Polska,47999,5,Firmy,Manualna,Sedan,https://www.otomoto.pl/oferta/opel-astra-polski-salon-benzyna-1-6-bogate-wyposazenie-fv-vat-ID6Dy8JH.html#0e0dcdce4b,Używane,2018
,Opel,1.4,Osobowe,Srebrny,PLN,5,Na przednie koła,,Benzyna+LPG,J (2009-2015),140,149640,Astra,,Polska,30000,5,Firmy,Manualna,Sedan,https://www.otomoto.pl/oferta/opel-astra-1-4-t-salon-polska-gaz-skora-klima-tempomat-parktronic-ID6DJAXf.html#0b79d938e2,Używane,2017
Tak,Opel,1.6,Osobowe,Srebrny,PLN,5,,Tak,Diesel,K (2015-),95,106124,Astra,Tak,Polska,38900,5,Firmy,Manualna,Kombi,https://www.otomoto.pl/oferta/opel-astra-m-2017r-salon-polska-iwlasciciel-serwisowana-gwarancja-ID6DjU0d.html#0e0dcdce4b,Używane,2016
Tak,Opel,1.6,Osobowe,Biały,PLN,5,Na przednie koła,Tak,Diesel,K (2015-),136,144741,Astra,,,42000,5,Firmy,Automatyczna,Kombi,https://www.otomoto.pl/oferta/opel-astra-1-6-cdti-1-wlasciciel-serwis-aso-automat-vat-23-navi-ID6DJS5z.html#0e0dcdce4b,Używane,2017
,Opel,1.0,Osobowe,Czerwony,PLN,5,Na przednie koła,,Benzyna,K (2015-),105,27261,Astra,,,54000,5,Firmy,Manualna,Kombi,https://www.otomoto.pl/oferta/opel-astra-1-0-turbo-vat-23-skora-navi-klimatronic-tempomat-parktronic-ID6DJRLM.html#0e0dcdce4b,Używane,2019
Tak,Opel,1.6,Osobowe,Szary,PLN,5,Na przednie koła,Tak,Benzyna,H (2004-2014),115,167000,Astra,Tak,,15900,5,Osoby prywatnej,Manualna,Kompakt,https://www.otomoto.pl/oferta/opel-astra-astra-1-6-16v-167-tys-km-bixenon-climatronic-perfekcyjny-stan-gwara-ID6DKKMg.html#0e0dcdce4b,Używane,2008
Tak,Opel,1.6,Osobowe,Niebieski,PLN,5,Na przednie koła,Tak,Diesel,K (2015-),110,180665,Astra,Tak,Polska,31000,5,Firmy,Manualna,Kombi,https://www.otomoto.pl/oferta/opel-astra-1-6-cdti-enjoy-salon-polska-1-wlasciciel-serwis-aso-vat-23-ID6DJewa.html#0e0dcdce4b,Używane,2016
Tak,Opel,1.6,Osobowe,Czarny,PLN,5,Na przednie koła,Tak,Diesel,K (2015-),136,54391,Astra,,Polska,50000,5,Firmy,Manualna,Kombi,https://www.otomoto.pl/oferta/opel-astra-1-6-cdti-enjoy-salon-polska-1-wlasciciel-serwis-aso-vat-23-ID6DJewl.html#0e0dcdce4b,Używane,2017
,Opel,1.6,Osobowe,Srebrny,PLN,5,Na przednie koła,Tak,Diesel,K (2015-),95,131211,Astra,,Polska,33002,5,Firmy,Manualna,Kombi,https://www.otomoto.pl/oferta/opel-astra-1-6-cdti-essentia-salon-polska-1-wlasciciel-vat-23-klima-ID6DJeyQ.html#0e0dcdce4b,Używane,2017
,Opel,1.6,Osobowe,Szary,PLN,5,Na przednie koła,,Benzyna,H (2004-2014),105,150000,Astra,Tak,,11700,5,Osoby prywatnej,Manualna,Kompakt,https://www.otomoto.pl/oferta/opel-astra-1-6-enjoy-bardzo-zadbana-gray-metallic-sliczna-polecam-ID6DKKJu.html#0e0dcdce4b,Używane,2005
Tak,Opel,1.6,Osobowe,Srebrny,PLN,5,Na przednie koła,Tak,Benzyna,J (2009-2015),115,93234,Astra,Tak,Belgia,29999,5,Firmy,Automatyczna,Kompakt,https://www.otomoto.pl/oferta/opel-astra-100-bezwypadkowy-udokumentowany-przebieg-automat-ID6DKITi.html#0e0dcdce4b,Używane,2011
,Opel,1.6,Osobowe,Srebrny,PLN,5,Na przednie koła,,Benzyna,J (2009-2015),115,34267,Astra,,Niemcy,38900,5,Osoby prywatnej,Manualna,Kompakt,https://www.otomoto.pl/oferta/opel-astra-auto-jak-nowe-godne-polecenia-ID6DJQWb.html#0e0dcdce4b,Używane,2015
